<?xml version="1.0" encoding="UTF-8" standalone="yes"?>
<addon id="script.module.allocinescraper" 
     name="AlloCineScraper" 
     version="0.0.8" 
     provider-name="JUL1EN094">
  <requires>
    <import addon="xbmc.python" version="2.0" />
  </requires>
  <extension point="xbmc.python.module" library="lib" />
  <extension point="xbmc.addon.metadata">
    <platform>all</platform>
    <summary lang="en">AlloCine Scraper</summary>
    <description lang="en">Scrap informations from Allocine</description>    
  </extension>
</addon>
