<?xml version="1.0" encoding="UTF-8" standalone="yes"?>
<addon id="repository.JUL1EN094" name="JUL1EN094's XBMC Addons" version="1.0.1" provider-name="JUL1EN094">
	<extension point="xbmc.addon.repository" name="JUL1EN094's XBMC Addon Repository">
		<info compressed="false">https://raw.github.com/JUL1EN094/JUL1EN094-xbmc-addons/master/addons.xml</info>
		<checksum>https://raw.github.com/JUL1EN094/JUL1EN094-xbmc-addons/master/addons.xml.md5</checksum>
		<datadir zip="true">https://raw.github.com/JUL1EN094/JUL1EN094-xbmc-addons/master/repo/</datadir>
	</extension>
	<extension point="xbmc.addon.metadata">
		<summary>Install JUL1EN094's XBMC repository</summary>
		<description>JUL1EN094's XBMC repository</description>
		<platform>all</platform>
	</extension>
</addon>

