<?xml version="1.0" encoding="UTF-8" standalone="yes"?>
<addon id="script.module.streamlauncher" 
     name="streamlauncher" 
     version="0.0.9" 
     provider-name="JUL1EN094">
  <requires>
    <import addon="xbmc.python" version="2.1.0" />
    <import addon="script.module.simple.downloader" version="1.9.4" />
    <import addon="script.module.urlresolver"  version="2.1.0"/>
    <import addon="script.module.mutagen"  version="1.20.0"/>
  </requires>
  <extension point="xbmc.python.module" library="lib" />
  <extension point="xbmc.addon.metadata">
    <platform>all</platform>
    <summary lang="en">Stream launcher</summary>
    <description lang="en">Manage stream launching</description>    
  </extension>
</addon>
