<?xml version="1.0" encoding="UTF-8" standalone="yes"?>
<addon id="script.module.getTrailer" 
     name="getTrailer" 
     version="0.0.4" 
     provider-name="JUL1EN094">
  <requires>
    <import addon="xbmc.python" version="2.1.0" />
    <import addon="script.module.beautifulsoup" />
    <import addon="script.module.allocinescraper" version="0.1.2" />
  </requires>
  <extension point="xbmc.python.module" library="lib" />
  <extension point="xbmc.addon.metadata">
    <platform>all</platform>
    <summary lang="en">Search and Get Trailer</summary>
    <description lang="en">Search and Get Trailer</description>    
  </extension>
</addon>
