<?xml version="1.0" encoding="UTF-8" standalone="yes"?>
<addon id="plugin.video.D17Replay"
       name="D17 Replay"
       version="1.0.8"
       provider-name="JUL1EN094">
  <requires>
    <import addon="xbmc.python" version="2.1.0"/>
    <import addon="script.module.parsedom" version="2.5.1"/>
  </requires>
  <extension point="xbmc.python.pluginsource"
            library="default.py">
        <provides>video</provides>
  </extension>
  <extension point="xbmc.addon.metadata">
    <platform>all</platform>
    <summary>D17 Replay</summary>
    <summary lang="fr">D17 Replay</summary>
    <description>D17 Catchup TV</description>
    <description lang="fr">Plugin donnant accès aux vidéos de rattrapage de la chaîne D17</description>
    <broken>D17Replay addon replaced by D17 addon</broken>
  </extension>
</addon>
