﻿<?xml version="1.0" encoding="UTF-8" standalone="yes"?>
<addon id="plugin.video.FranceTVPluzz"
       name="FranceTV Pluzz"
       version="1.1.1"
       provider-name="JUL1EN094">
  <requires>
    <import addon="xbmc.python" version="2.1.0"/>
    <import addon="script.module.simplejson"/>
    <import addon="script.module.requests"/>
  </requires>
  <extension point="xbmc.python.pluginsource"
            library="default.py">
        <provides>video</provides>
  </extension>
  <extension point="xbmc.addon.metadata">
    <platform>all</platform>
    <summary>FranceTV Pluzz</summary>
    <summary lang="fr">FranceTV Pluzz</summary>
    <description>FranceTV Pluzz : Catchup TV and live from mobile catalog</description>
    <description lang="fr">Plugin donnant accès aux vidéos de rattrapage et aux directs de l'application mobile FranceTV Pluzz</description>
  </extension>
</addon>
